name;value;country;series;date
Drago;2.00;Austria;1;2016-05-27 10:27:19
Drago;2.00;Belgium;1;2016-09-09 12:26:45
Drago;2.00;Belgium;2;2016-05-27 10:26:49
Drago;2.00;Cyprus;1;2017-12-08 12:00:58
Drago;2.00;Finland;1;2016-10-17 15:05:20
Drago;2.00;Finland;2;2024-02-05 11:21:44
Drago;2.00;France;1;2016-09-09 12:26:01
Drago;2.00;Germany;1;2016-05-27 10:27:02
Drago;2.00;Greece;1;2016-09-09 12:25:03
Drago;2.00;Ireland;1;2016-06-16 17:52:10
Drago;2.00;Italy;1;2016-05-27 10:26:27
Drago;2.00;Luxembourg;1;2016-12-14 18:00:26
Drago;2.00;Malta;1;2016-08-23 09:38:22
Drago;2.00;Netherlands;1;2016-06-16 17:53:18
Drago;2.00;Portugal;1;2016-10-25 13:48:09
Drago;2.00;Slovakia;1;2017-04-03 14:25:44
Drago;2.00;Slovenia;1;2016-09-09 12:26:15
Drago;2.00;Spain;1;2016-05-27 10:27:44
Drago;2.00;Estonia;1;2020-01-07 08:16:20
Drago;2.00c;Greece;2004;2016-09-09 12:24:35
Drago;2.00c;Italy;2004;2019-05-15 09:20:01
Drago;2.00c;Germany;2006;2016-09-09 12:25:23
Drago;2.00c;Italy;2006;2016-05-17 08:21:27
Drago;2.00c;Germany;2007;2016-10-25 13:48:39
Drago;2.00c;France;2007tor;2019-09-10 08:56:55
Drago;2.00c;Germany;2007tor;2016-10-17 15:05:54
Drago;2.00c;Greece;2007tor;2017-07-11 14:58:08
Drago;2.00c;France;2008;2016-06-09 09:34:08
Drago;2.00c;Germany;2008;2017-04-03 14:26:11
Drago;2.00c;Germany;2009;2017-04-03 14:26:43
Drago;2.00c;Austria;2009emu;2024-02-05 11:19:28
Drago;2.00c;Belgium;2009emu;2019-05-25 21:00:27
Drago;2.00c;Germany;2009emu;2016-09-14 18:56:21
Drago;2.00c;Belgium;2010;2016-09-09 12:25:42
Drago;2.00c;France;2010;2016-05-17 08:21:59
Drago;2.00c;Germany;2010;2019-05-15 09:20:36
Drago;2.00c;Germany;2012;2016-05-17 08:20:43
Drago;2.00c;Austria;2012tye;2016-06-09 09:33:37
Drago;2.00c;France;2012tye;2024-02-05 11:18:52
Drago;2.00c;Germany;2012tye;2016-05-17 08:20:10
Drago;2.00c;Italy;2012tye;2018-03-16 11:53:35
Drago;2.00c;Italy;2013;2020-01-07 08:16:51
Drago;2.00c;Netherlands;2013;2018-09-25 09:58:30
Drago;2.00c;Monaco;2013;2016-05-17 08:19:32
Drago;2.00c;Netherlands;2013a;2017-12-11 10:48:26
Drago;2.00c;Germany;2014;2017-04-03 14:26:26
Drago;2.00c;Germany;2015;2016-05-17 08:20:55
Drago;2.00c;Germany;2015a;2016-10-17 15:06:23
Drago;2.00c;Germany;2015euf;2019-05-15 09:21:44
Drago;2.00c;Austria;2016;2024-02-05 11:23:12
Drago;2.00c;Germany;2016;2018-04-27 10:12:20
Drago;2.00c;Greece;2017;2022-01-06 14:56:34
Drago;2.00c;Italy;2018;2024-02-05 11:22:42
Drago;2.00c;Slovenia;2018;2019-05-23 13:58:50
Jonko;0.01;Austria;1;2010-10-21 00:00:01
Jonko;0.02;Austria;1;2010-10-21 00:00:01
Jonko;0.05;Austria;1;2010-11-22 10:52:05
Jonko;0.10;Austria;1;2010-10-21 00:00:01
Jonko;0.20;Austria;1;2011-09-02 10:37:13
Jonko;0.50;Austria;1;2010-10-29 10:09:03
Jonko;1.00;Austria;1;2010-10-21 00:00:01
Jonko;2.00;Austria;1;2010-10-25 00:06:08
Jonko;0.01;Belgium;1;2011-03-28 14:18:36
Jonko;0.02;Belgium;1;2011-03-28 14:18:25
Jonko;0.05;Belgium;1;2011-03-28 10:25:06
Jonko;0.10;Belgium;1;2011-03-28 14:23:58
Jonko;0.20;Belgium;1;2010-10-21 00:00:01
Jonko;0.50;Belgium;1;2010-12-20 10:49:49
Jonko;1.00;Belgium;1;2010-10-21 00:00:01
Jonko;2.00;Belgium;1;2010-10-25 23:50:14
Jonko;0.01;Belgium;2;2011-03-28 14:18:40
Jonko;0.02;Belgium;2;2011-04-18 17:40:40
Jonko;0.05;Belgium;2;2011-03-28 14:18:11
Jonko;0.10;Belgium;2;2011-03-28 14:19:39
Jonko;0.20;Belgium;2;2011-03-28 14:19:30
Jonko;0.50;Belgium;2;2011-03-28 14:19:13
Jonko;1.00;Belgium;2;2012-03-24 18:38:25
Jonko;2.00;Belgium;2;2011-01-19 21:16:32
Jonko;0.01;Cyprus;1;2011-04-18 17:38:03
Jonko;0.02;Cyprus;1;2011-04-18 17:38:07
Jonko;0.05;Cyprus;1;2011-04-18 17:38:12
Jonko;0.10;Cyprus;1;2011-04-18 17:39:01
Jonko;0.20;Cyprus;1;2011-04-18 17:38:56
Jonko;0.50;Cyprus;1;2011-04-18 17:38:52
Jonko;1.00;Cyprus;1;2011-04-18 17:38:25
Jonko;2.00;Cyprus;1;2011-01-19 21:16:53
Jonko;0.05;Finland;1;2012-05-12 11:21:53
Jonko;0.10;Finland;1;2013-01-04 10:32:47
Jonko;0.20;Finland;1;2011-05-17 11:14:26
Jonko;0.50;Finland;1;2012-06-18 10:43:04
Jonko;1.00;Finland;1;2011-06-13 15:59:47
Jonko;2.00;Finland;1;2011-06-25 13:51:55
Jonko;0.01;Finland;2;2011-04-18 17:41:38
Jonko;0.02;Finland;2;2011-04-18 17:41:43
Jonko;0.05;Finland;2;2011-04-18 17:41:47
Jonko;0.10;Finland;2;2011-04-18 17:41:52
Jonko;0.20;Finland;2;2011-04-18 17:41:59
Jonko;0.50;Finland;2;2011-04-18 17:42:03
Jonko;1.00;Finland;2;2011-04-18 17:42:07
Jonko;2.00;Finland;2;2011-04-18 17:42:11
Jonko;0.01;France;1;2010-10-21 00:00:01
Jonko;0.02;France;1;2010-10-21 00:00:01
Jonko;0.05;France;1;2010-10-21 00:00:01
Jonko;0.10;France;1;2010-10-21 00:00:01
Jonko;0.20;France;1;2010-10-21 00:00:01
Jonko;0.50;France;1;2010-10-25 23:49:36
Jonko;1.00;France;1;2010-11-10 11:02:21
Jonko;2.00;France;1;2010-10-21 00:00:01
Jonko;0.01;Germany;1;2010-10-25 00:03:26
Jonko;0.02;Germany;1;2010-11-01 11:13:11
Jonko;0.05;Germany;1;2010-10-25 00:04:13
Jonko;0.10;Germany;1;2010-10-21 00:00:01
Jonko;0.20;Germany;1;2010-10-21 00:00:01
Jonko;0.50;Germany;1;2010-10-21 00:00:01
Jonko;1.00;Germany;1;2010-10-22 23:17:06
Jonko;2.00;Germany;1;2010-10-21 00:00:01
Jonko;0.01;Greece;1;2010-10-21 00:00:01
Jonko;0.02;Greece;1;2010-10-25 09:49:21
Jonko;0.05;Greece;1;2010-10-21 00:00:01
Jonko;0.10;Greece;1;2010-10-21 00:00:01
Jonko;0.20;Greece;1;2010-10-21 00:00:01
Jonko;0.50;Greece;1;2010-10-21 00:00:01
Jonko;1.00;Greece;1;2010-10-21 00:00:01
Jonko;2.00;Greece;1;2010-11-22 11:11:03
Jonko;0.01;Ireland;1;2011-04-18 17:42:52
Jonko;0.02;Ireland;1;2011-04-18 17:42:58
Jonko;0.05;Ireland;1;2011-04-18 17:43:03
Jonko;0.10;Ireland;1;2011-04-18 17:43:09
Jonko;0.20;Ireland;1;2011-04-18 17:43:13
Jonko;0.50;Ireland;1;2010-10-30 21:28:16
Jonko;1.00;Ireland;1;2011-03-22 13:29:18
Jonko;2.00;Ireland;1;2011-03-28 14:20:32
Jonko;0.01;Italy;1;2010-11-22 10:53:07
Jonko;0.02;Italy;1;2010-10-21 00:00:01
Jonko;0.05;Italy;1;2010-11-22 10:51:43
Jonko;0.10;Italy;1;2010-10-21 00:00:01
Jonko;0.20;Italy;1;2010-10-21 00:00:01
Jonko;0.50;Italy;1;2010-10-21 00:00:01
Jonko;1.00;Italy;1;2010-10-21 00:00:01
Jonko;2.00;Italy;1;2010-10-21 00:00:01
Jonko;0.01;Luxembourg;1;2011-04-18 17:44:44
Jonko;0.02;Luxembourg;1;2011-04-18 17:44:39
Jonko;0.05;Luxembourg;1;2011-04-18 17:44:34
Jonko;0.10;Luxembourg;1;2010-11-10 11:03:11
Jonko;0.20;Luxembourg;1;2011-03-28 14:20:46
Jonko;0.50;Luxembourg;1;2011-04-18 17:44:27
Jonko;1.00;Luxembourg;1;2011-04-18 17:44:21
Jonko;2.00;Luxembourg;1;2011-04-18 17:44:16
Jonko;0.01;Malta;1;2011-04-18 17:44:09
Jonko;0.02;Malta;1;2011-04-18 17:44:04
Jonko;0.05;Malta;1;2011-04-18 17:43:59
Jonko;0.10;Malta;1;2011-04-18 17:43:53
Jonko;0.20;Malta;1;2011-04-18 17:43:46
Jonko;0.50;Malta;1;2011-04-18 17:43:40
Jonko;1.00;Malta;1;2011-04-18 17:43:32
Jonko;2.00;Malta;1;2011-03-03 00:20:55
Jonko;2.00;Monaco;2;2016-05-11 13:56:39
Jonko;0.01;Netherlands;1;2010-10-21 00:00:01
Jonko;0.02;Netherlands;1;2010-11-22 10:53:35
Jonko;0.05;Netherlands;1;2010-10-30 21:34:41
Jonko;0.10;Netherlands;1;2010-10-30 21:30:56
Jonko;0.20;Netherlands;1;2010-10-21 00:00:01
Jonko;0.50;Netherlands;1;2010-12-20 10:50:14
Jonko;1.00;Netherlands;1;2011-03-07 10:52:06
Jonko;2.00;Netherlands;1;2010-11-24 22:13:36
Jonko;0.01;Portugal;1;2011-04-18 17:45:39
Jonko;0.02;Portugal;1;2011-04-18 17:45:44
Jonko;0.05;Portugal;1;2011-04-18 17:45:51
Jonko;0.10;Portugal;1;2011-03-28 14:20:12
Jonko;0.20;Portugal;1;2011-04-18 17:45:57
Jonko;0.50;Portugal;1;2011-04-18 17:46:02
Jonko;1.00;Portugal;1;2010-10-21 00:00:01
Jonko;2.00;Portugal;1;2012-05-12 11:22:01
Jonko;0.50;San Marino;1;2013-01-04 10:33:18
Jonko;0.01;Slovakia;1;2011-04-18 17:48:44
Jonko;0.02;Slovakia;1;2011-04-18 17:48:37
Jonko;0.05;Slovakia;1;2011-04-18 17:48:26
Jonko;0.10;Slovakia;1;2011-04-18 17:50:48
Jonko;0.20;Slovakia;1;2011-01-19 21:20:59
Jonko;0.50;Slovakia;1;2011-04-18 17:50:32
Jonko;1.00;Slovakia;1;2011-01-19 21:17:56
Jonko;2.00;Slovakia;1;2011-01-19 21:17:44
Jonko;0.01;Slovenia;1;2011-04-18 17:47:18
Jonko;0.02;Slovenia;1;2011-04-18 17:47:24
Jonko;0.05;Slovenia;1;2011-04-18 17:48:19
Jonko;0.10;Slovenia;1;2011-04-18 17:49:47
Jonko;0.20;Slovenia;1;2011-01-19 21:19:04
Jonko;0.50;Slovenia;1;2011-01-19 21:18:36
Jonko;1.00;Slovenia;1;2010-11-24 22:12:29
Jonko;2.00;Slovenia;1;2012-03-10 14:06:03
Jonko;0.01;Spain;1;2010-11-22 10:52:46
Jonko;0.02;Spain;1;2010-10-22 23:24:44
Jonko;0.05;Spain;1;2010-10-30 21:29:42
Jonko;0.10;Spain;1;2010-10-21 00:00:01
Jonko;0.20;Spain;1;2010-11-10 11:02:38
Jonko;0.50;Spain;1;2010-10-21 00:00:01
Jonko;1.00;Spain;1;2010-10-21 00:00:01
Jonko;2.00;Spain;1;2010-11-24 22:11:58
Jonko;0.01;Spain;2;2012-03-24 18:38:33
Jonko;0.02;Spain;2;2012-03-24 18:38:41
Jonko;0.05;Spain;2;2012-03-10 14:05:23
Jonko;0.10;Spain;2;2012-03-10 14:05:32
Jonko;0.20;Spain;2;2017-07-17 00:32:11
Jonko;0.50;Spain;2;2012-03-24 18:38:50
Jonko;1.00;Spain;2;2017-01-04 23:58:18
Jonko;0.50;Vatican City;3;2011-03-29 14:10:18
Jonko;0.01;Estonia;1;2011-04-18 17:51:49
Jonko;0.02;Estonia;1;2011-02-15 15:19:03
Jonko;0.05;Estonia;1;2011-04-18 17:51:57
Jonko;0.10;Estonia;1;2011-03-21 10:06:17
Jonko;0.20;Estonia;1;2011-02-15 15:19:11
Jonko;0.50;Estonia;1;2011-03-21 10:05:57
Jonko;1.00;Estonia;1;2017-06-05 13:54:26
Jonko;2.00c;Greece;2004;2012-05-12 11:22:14
Jonko;2.00c;Italy;2004;2012-04-28 00:35:10
Jonko;2.00c;Italy;2005;2013-01-04 10:37:21
Jonko;2.00c;Germany;2006;2010-11-22 11:10:45
Jonko;2.00c;Italy;2006;2013-08-24 09:06:26
Jonko;2.00c;Germany;2007;2010-11-22 10:51:08
Jonko;2.00c;Austria;2007tor;2012-02-22 00:54:33
Jonko;2.00c;France;2007tor;2011-06-25 13:53:37
Jonko;2.00c;Germany;2007tor;2013-01-04 10:35:27
Jonko;2.00c;France;2008;2013-01-04 10:38:12
Jonko;2.00c;Germany;2008;2010-11-22 10:50:30
Jonko;2.00c;Germany;2009;2011-01-19 21:20:25
Jonko;2.00c;Austria;2009emu;2011-01-19 21:19:55
Jonko;2.00c;France;2009emu;2013-06-04 16:11:33
Jonko;2.00c;Germany;2009emu;2011-09-02 10:37:04
Jonko;2.00c;Ireland;2009emu;2013-01-04 10:39:21
Jonko;2.00c;Belgium;2010;2013-07-04 15:01:16
Jonko;2.00c;France;2010;2016-01-19 18:28:26
Jonko;2.00c;Germany;2010;2010-10-29 10:10:34
Jonko;2.00c;Greece;2010;2011-06-25 13:54:53
Jonko;2.00c;Italy;2010;2014-08-19 10:52:46
Jonko;2.00c;Germany;2011;2013-01-17 10:30:07
Jonko;2.00c;Italy;2011;2013-01-04 10:37:01
Jonko;2.00c;Belgium;2012;2015-06-07 21:07:16
Jonko;2.00c;Germany;2012;2013-08-24 09:07:03
Jonko;2.00c;Austria;2012tye;2013-03-11 10:59:42
Jonko;2.00c;France;2012tye;2013-01-04 10:37:53
Jonko;2.00c;Germany;2012tye;2017-09-26 08:57:11
Jonko;2.00c;France;2012;2012-09-10 16:10:23
Jonko;2.00c;Germany;2013;2013-06-17 10:28:28
Jonko;2.00c;Netherlands;2013;2016-01-19 18:27:57
Jonko;2.00c;Monaco;2013;2017-03-27 11:49:37
Jonko;0.02;Latvia;1;2015-10-11 11:29:39
Jonko;0.10;Latvia;1;2015-10-11 11:29:48
Jonko;0.50;Latvia;1;2015-10-11 11:30:25
Jonko;2.00c;Netherlands;2013a;2016-01-19 18:27:45
Jonko;2.00c;France;2014;2017-03-06 12:37:19
Jonko;2.00c;Germany;2014;2015-12-14 00:08:29
Jonko;2.00c;Malta;2014;2015-12-18 09:30:41
Jonko;2.00c;Netherlands;2014;2015-01-26 10:51:15
Jonko;0.05;Netherlands;2;2015-01-26 10:50:57
Jonko;0.10;Netherlands;2;2016-01-19 18:27:10
Jonko;0.05;Belgium;3;2016-09-30 09:51:30
Jonko;2.00c;France;2015;2017-03-06 12:37:24
Jonko;2.00c;Germany;2015;2015-05-07 14:55:05
Jonko;2.00c;Germany;2015a;2015-12-14 00:09:29
Jonko;2.00c;Germany;2015euf;2015-12-14 00:09:15
Jonko;2.00c;Austria;2016;2017-07-18 19:41:24
Jonko;2.00c;Germany;2016;2016-05-27 11:31:10
Jonko;2.00c;Germany;2017;2017-09-26 08:55:35
Jonko;0.20;Spain;3;2017-03-27 11:51:16
Jonko;1.00;Spain;3;2017-11-27 16:17:11
Joro;0.01;Austria;1;2013-10-17 22:32:14
Joro;0.02;Austria;1;2013-10-17 22:32:18
Joro;0.05;Austria;1;2013-10-17 22:32:22
Joro;0.10;Austria;1;2013-10-17 22:32:26
Joro;0.20;Austria;1;2013-10-17 22:32:32
Joro;0.50;Austria;1;2013-10-17 22:32:36
Joro;1.00;Austria;1;2013-10-17 22:32:42
Joro;2.00;Austria;1;2013-10-17 22:32:51
Joro;0.01;Belgium;1;2013-10-17 22:30:53
Joro;0.02;Belgium;1;2013-10-17 22:30:57
Joro;0.05;Belgium;1;2014-08-02 21:36:06
Joro;0.10;Belgium;1;2013-10-17 22:31:03
Joro;0.20;Belgium;1;2013-10-17 22:31:11
Joro;0.50;Belgium;1;2013-10-17 22:31:16
Joro;1.00;Belgium;1;2016-01-09 21:23:07
Joro;2.00;Belgium;1;2013-10-17 22:31:22
Joro;0.02;Belgium;2;2015-03-28 10:34:53
Joro;0.10;Belgium;2;2014-05-21 23:21:37
Joro;0.20;Belgium;2;2014-01-05 18:37:15
Joro;0.50;Belgium;2;2014-08-02 21:36:49
Joro;1.00;Belgium;2;2016-10-16 12:45:32
Joro;2.00;Belgium;2;2014-08-02 21:36:57
Joro;0.05;Cyprus;1;2022-05-28 15:47:22
Joro;0.10;Cyprus;1;2023-04-17 19:58:49
Joro;0.20;Cyprus;1;2013-10-17 22:38:58
Joro;0.50;Cyprus;1;2013-10-17 22:39:08
Joro;2.00;Cyprus;1;2013-10-17 22:39:14
Joro;0.05;Finland;1;2013-10-17 22:41:36
Joro;0.10;Finland;1;2013-10-17 22:41:41
Joro;0.20;Finland;1;2013-10-17 22:41:45
Joro;0.50;Finland;1;2013-10-17 22:41:49
Joro;1.00;Finland;1;2013-10-17 22:42:01
Joro;2.00;Finland;1;2016-04-24 14:22:18
Joro;0.05;Finland;2;2019-09-27 18:22:28
Joro;0.50;Finland;2;2016-04-24 14:23:36
Joro;2.00;Finland;2;2013-10-17 22:42:07
Joro;0.01;France;1;2013-10-17 22:27:20
Joro;0.02;France;1;2013-10-17 22:27:24
Joro;0.05;France;1;2013-10-17 22:27:30
Joro;0.10;France;1;2013-10-17 22:27:35
Joro;0.20;France;1;2013-10-17 22:27:40
Joro;0.50;France;1;2013-10-17 22:27:46
Joro;1.00;France;1;2013-10-17 22:27:50
Joro;2.00;France;1;2013-10-17 22:28:13
Joro;0.01;Germany;1;2013-10-17 22:24:11
Joro;0.02;Germany;1;2013-10-17 22:24:19
Joro;0.05;Germany;1;2013-10-17 22:24:25
Joro;0.10;Germany;1;2013-10-17 22:24:30
Joro;0.20;Germany;1;2013-10-17 22:24:37
Joro;0.50;Germany;1;2013-10-17 22:24:45
Joro;1.00;Germany;1;2013-10-17 22:24:50
Joro;2.00;Germany;1;2013-10-17 22:24:55
Joro;0.01;Greece;1;2013-10-17 22:25:59
Joro;0.02;Greece;1;2015-05-29 22:13:02
Joro;0.05;Greece;1;2014-08-02 21:39:42
Joro;0.10;Greece;1;2013-10-17 22:26:11
Joro;0.20;Greece;1;2014-01-05 18:32:54
Joro;0.50;Greece;1;2013-10-17 22:26:16
Joro;1.00;Greece;1;2013-10-17 22:26:24
Joro;2.00;Greece;1;2014-08-02 21:38:56
Joro;0.01;Ireland;1;2014-05-21 23:24:59
Joro;0.05;Ireland;1;2013-10-17 22:34:59
Joro;0.10;Ireland;1;2013-10-17 22:35:03
Joro;0.20;Ireland;1;2013-10-17 22:35:08
Joro;0.50;Ireland;1;2013-10-17 22:35:12
Joro;1.00;Ireland;1;2013-10-17 22:35:16
Joro;2.00;Ireland;1;2017-08-16 21:08:47
Joro;0.01;Italy;1;2014-05-21 23:37:28
Joro;0.02;Italy;1;2014-05-21 23:37:37
Joro;0.05;Italy;1;2014-05-21 23:37:44
Joro;0.10;Italy;1;2014-05-21 23:22:14
Joro;0.20;Italy;1;2014-05-21 23:37:58
Joro;0.50;Italy;1;2014-05-21 23:38:05
Joro;1.00;Italy;1;2014-05-21 23:38:14
Joro;2.00;Italy;1;2014-05-21 23:38:19
Joro;0.01;Luxembourg;1;2013-10-17 22:43:22
Joro;0.02;Luxembourg;1;2020-01-04 17:21:08
Joro;0.05;Luxembourg;1;2017-03-10 19:20:26
Joro;0.10;Luxembourg;1;2013-10-17 22:43:28
Joro;0.20;Luxembourg;1;2023-04-17 20:16:04
Joro;0.50;Luxembourg;1;2013-10-17 22:43:37
Joro;1.00;Luxembourg;1;2018-06-07 21:28:35
Joro;2.00;Luxembourg;1;2017-06-25 16:04:00
Joro;0.01;Malta;1;2013-10-17 22:28:56
Joro;0.02;Malta;1;2013-10-17 22:29:01
Joro;0.05;Malta;1;2013-10-17 22:29:05
Joro;0.10;Malta;1;2013-10-17 22:29:09
Joro;0.20;Malta;1;2013-10-17 22:29:12
Joro;0.50;Malta;1;2013-10-17 22:29:17
Joro;1.00;Malta;1;2013-10-17 22:29:21
Joro;2.00;Malta;1;2013-10-17 22:29:28
Joro;0.01;Netherlands;1;2013-10-17 22:33:44
Joro;0.02;Netherlands;1;2013-10-17 22:33:49
Joro;0.05;Netherlands;1;2014-10-23 21:40:40
Joro;0.10;Netherlands;1;2013-10-17 22:33:55
Joro;0.20;Netherlands;1;2015-03-28 10:26:15
Joro;0.50;Netherlands;1;2013-10-17 22:34:01
Joro;1.00;Netherlands;1;2013-10-17 22:34:07
Joro;2.00;Netherlands;1;2015-03-28 10:26:45
Joro;0.01;Portugal;1;2016-10-16 12:49:01
Joro;0.02;Portugal;1;2016-10-16 12:48:33
Joro;0.05;Portugal;1;2016-01-09 21:32:23
Joro;0.10;Portugal;1;2013-10-17 22:36:07
Joro;0.20;Portugal;1;2016-10-16 12:47:04
Joro;0.50;Portugal;1;2013-10-17 22:36:16
Joro;1.00;Portugal;1;2013-10-17 22:36:21
Joro;2.00;Portugal;1;2013-10-17 22:36:26
Joro;0.01;San Marino;1;2016-04-24 13:50:25
Joro;0.02;San Marino;1;2016-04-24 13:50:32
Joro;0.05;San Marino;1;2016-04-24 13:50:40
Joro;0.20;San Marino;1;2016-04-24 13:51:09
Joro;0.50;San Marino;1;2016-04-24 13:51:25
Joro;1.00;San Marino;1;2016-04-24 13:51:34
Joro;2.00;San Marino;1;2016-04-24 13:51:46
Joro;0.01;Slovakia;1;2020-01-04 17:22:38
Joro;0.02;Slovakia;1;2015-05-30 11:15:56
Joro;0.10;Slovakia;1;2013-10-17 22:37:48
Joro;0.20;Slovakia;1;2014-05-21 23:20:50
Joro;0.50;Slovakia;1;2016-01-09 21:16:09
Joro;1.00;Slovakia;1;2019-06-23 17:49:44
Joro;2.00;Slovakia;1;2013-10-17 22:37:41
Joro;0.05;Slovenia;1;2016-10-16 12:47:53
Joro;0.10;Slovenia;1;2017-06-10 13:24:13
Joro;0.20;Slovenia;1;2016-04-24 16:16:20
Joro;1.00;Slovenia;1;2017-06-10 13:25:07
Joro;0.01;Spain;1;2013-10-17 22:21:55
Joro;0.02;Spain;1;2013-10-17 22:22:20
Joro;0.05;Spain;1;2013-10-17 22:22:32
Joro;0.10;Spain;1;2013-10-17 22:22:39
Joro;0.20;Spain;1;2013-10-17 22:22:47
Joro;0.50;Spain;1;2013-10-17 22:22:54
Joro;1.00;Spain;1;2013-10-17 22:23:00
Joro;2.00;Spain;1;2013-10-17 22:23:06
Joro;0.01;Spain;2;2014-05-21 23:24:09
Joro;0.02;Spain;2;2016-01-09 21:07:34
Joro;0.05;Spain;2;2014-05-21 23:23:12
Joro;0.10;Spain;2;2017-05-07 15:39:59
Joro;0.20;Spain;2;2017-05-07 15:38:24
Joro;0.50;Spain;2;2017-11-04 21:48:59
Joro;1.00;Spain;2;2017-06-25 15:59:31
Joro;2.00;Spain;2;2017-05-07 15:23:13
Joro;0.01;Vatican City;2;2022-11-20 13:56:51
Joro;0.02;Vatican City;2;2022-11-20 13:57:26
Joro;0.05;Vatican City;2;2022-11-20 13:56:59
Joro;0.10;Vatican City;2;2022-11-20 13:57:32
Joro;0.20;Vatican City;2;2022-11-20 13:57:03
Joro;0.50;Vatican City;2;2022-11-20 13:57:50
Joro;1.00;Vatican City;2;2022-11-20 13:57:10
Joro;2.00;Vatican City;2;2022-11-20 13:57:16
Joro;0.50;Vatican City;3;2016-04-24 14:00:11
Joro;0.01;Estonia;1;2016-01-09 20:56:32
Joro;0.10;Estonia;1;2014-01-05 18:34:12
Joro;2.00c;Greece;2004;2014-05-21 23:19:37
Joro;2.00c;Germany;2006;2017-03-10 19:18:55
Joro;2.00c;Italy;2006;2013-10-17 22:47:41
Joro;2.00c;Germany;2007;2014-05-21 23:17:33
Joro;2.00c;Germany;2007tor;2013-10-17 22:46:55
Joro;2.00c;France;2008;2013-10-17 22:46:05
Joro;2.00c;Germany;2009emu;2016-04-24 14:25:19
Joro;2.00c;France;2010;2017-06-25 16:04:41
Joro;2.00c;Germany;2010;2014-05-21 23:18:56
Joro;2.00c;Germany;2011;2016-01-09 21:00:50
Joro;2.00c;Germany;2012;2017-03-10 19:17:29
Joro;2.00c;Austria;2012tye;2016-10-16 12:44:32
Joro;2.00c;France;2012tye;2013-10-17 22:45:37
Joro;2.00c;Germany;2013;2014-05-21 23:18:16
Joro;2.00c;Netherlands;2013;2016-04-24 14:13:03
Joro;0.02;Latvia;1;2015-10-15 20:50:08
Joro;0.10;Latvia;1;2017-11-04 21:48:43
Joro;0.50;Latvia;1;2024-02-28 21:15:36
Joro;1.00;Latvia;1;2023-04-17 20:13:49
Joro;2.00c;Spain;2014;2024-02-28 21:11:43
Joro;0.05;Netherlands;2;2015-10-15 20:44:15
Joro;0.20;Lithuania;1;2023-06-27 14:16:37
Joro;1.00;Lithuania;1;2022-05-28 15:46:28
Joro;2.00c;Germany;2015;2017-03-10 19:18:20
Joro;2.00c;Germany;2015a;2016-04-24 14:27:21
Joro;1.00;Spain;3;2018-01-13 11:56:19
Joro;0.20;Andorra;1;2017-06-29 16:05:49
Lili;0.01;Austria;1;2010-10-21 00:00:01
Lili;0.02;Austria;1;2010-10-21 00:00:01
Lili;0.05;Austria;1;2010-10-25 09:36:13
Lili;0.10;Austria;1;2010-10-21 00:00:01
Lili;0.20;Austria;1;2010-10-24 19:13:53
Lili;0.50;Austria;1;2010-11-29 10:26:52
Lili;1.00;Austria;1;2010-10-21 00:00:01
Lili;2.00;Austria;1;2010-10-21 00:00:01
Lili;0.01;Belgium;1;2011-03-28 14:25:23
Lili;0.02;Belgium;1;2011-01-20 09:04:20
Lili;0.05;Belgium;1;2010-10-31 16:39:06
Lili;0.10;Belgium;1;2011-01-20 09:05:07
Lili;0.20;Belgium;1;2010-10-31 16:40:13
Lili;0.50;Belgium;1;2010-12-09 14:57:22
Lili;1.00;Belgium;1;2010-12-18 21:19:24
Lili;2.00;Belgium;1;2010-10-21 00:00:01
Lili;0.01;Belgium;2;2011-03-28 14:23:59
Lili;0.02;Belgium;2;2011-04-19 11:45:55
Lili;0.05;Belgium;2;2011-03-28 14:24:07
Lili;0.10;Belgium;2;2011-01-20 09:05:12
Lili;0.20;Belgium;2;2011-03-28 14:24:16
Lili;0.50;Belgium;2;2010-12-18 21:20:13
Lili;1.00;Belgium;2;2012-04-09 09:19:33
Lili;2.00;Belgium;2;2011-03-28 14:24:22
Lili;0.05;Cyprus;1;2015-07-02 10:02:29
Lili;0.10;Cyprus;1;2013-01-04 10:28:25
Lili;0.20;Cyprus;1;2011-07-07 18:15:43
Lili;0.50;Cyprus;1;2012-04-04 10:11:45
Lili;1.00;Cyprus;1;2013-01-04 10:27:34
Lili;2.00;Cyprus;1;2012-10-26 17:29:54
Lili;0.05;Finland;1;2011-10-20 10:37:24
Lili;0.10;Finland;1;2017-06-06 10:03:21
Lili;0.20;Finland;1;2010-10-24 19:13:34
Lili;0.50;Finland;1;2016-09-12 09:35:28
Lili;1.00;Finland;1;2010-10-24 19:11:05
Lili;2.00;Finland;1;2010-10-24 19:12:51
Lili;0.05;Finland;2;2017-06-06 10:03:08
Lili;0.10;Finland;2;2011-04-05 15:14:33
Lili;0.20;Finland;2;2017-06-06 10:03:31
Lili;0.50;Finland;2;2010-10-24 19:14:20
Lili;2.00;Finland;2;2010-10-24 19:12:56
Lili;0.01;France;1;2010-10-21 00:00:01
Lili;0.02;France;1;2010-10-21 00:00:01
Lili;0.05;France;1;2010-10-21 00:00:01
Lili;0.10;France;1;2010-10-25 09:37:58
Lili;0.20;France;1;2010-11-22 11:09:09
Lili;0.50;France;1;2010-10-21 00:00:01
Lili;1.00;France;1;2010-10-21 00:00:01
Lili;2.00;France;1;2010-10-21 00:00:01
Lili;0.01;Germany;1;2010-10-21 00:00:01
Lili;0.02;Germany;1;2010-10-21 00:00:01
Lili;0.05;Germany;1;2010-10-21 00:00:01
Lili;0.10;Germany;1;2010-10-21 00:00:01
Lili;0.20;Germany;1;2010-10-21 00:00:01
Lili;0.50;Germany;1;2010-10-21 00:00:01
Lili;1.00;Germany;1;2010-10-21 00:00:01
Lili;2.00;Germany;1;2010-10-21 00:00:01
Lili;0.01;Greece;1;2010-10-21 00:00:01
Lili;0.02;Greece;1;2010-10-21 00:00:01
Lili;0.05;Greece;1;2010-10-21 00:00:01
Lili;0.10;Greece;1;2010-10-21 00:00:01
Lili;0.20;Greece;1;2010-10-21 00:00:01
Lili;0.50;Greece;1;2010-10-21 00:00:01
Lili;1.00;Greece;1;2010-10-21 00:00:01
Lili;2.00;Greece;1;2010-11-01 10:33:39
Lili;0.01;Ireland;1;2011-04-19 11:45:28
Lili;0.02;Ireland;1;2010-10-21 00:00:01
Lili;0.05;Ireland;1;2011-01-20 09:04:40
Lili;0.10;Ireland;1;2011-01-20 09:04:53
Lili;0.20;Ireland;1;2011-05-17 10:40:46
Lili;0.50;Ireland;1;2011-03-22 13:27:26
Lili;1.00;Ireland;1;2011-03-28 09:15:40
Lili;2.00;Ireland;1;2011-03-14 12:55:36
Lili;0.01;Italy;1;2010-10-21 00:00:01
Lili;0.02;Italy;1;2010-10-21 00:00:01
Lili;0.05;Italy;1;2010-10-21 00:00:01
Lili;0.10;Italy;1;2010-10-21 00:00:01
Lili;0.20;Italy;1;2010-10-21 00:00:01
Lili;0.50;Italy;1;2010-10-21 00:00:01
Lili;1.00;Italy;1;2010-10-21 00:00:01
Lili;2.00;Italy;1;2010-10-21 00:00:01
Lili;0.01;Luxembourg;1;2011-01-20 09:04:03
Lili;0.02;Luxembourg;1;2011-03-28 14:25:11
Lili;0.05;Luxembourg;1;2011-10-20 10:37:35
Lili;0.10;Luxembourg;1;2011-01-20 09:04:57
Lili;0.20;Luxembourg;1;2011-03-28 14:24:59
Lili;0.50;Luxembourg;1;2011-01-20 09:05:29
Lili;1.00;Luxembourg;1;2010-12-09 10:50:24
Lili;2.00;Luxembourg;1;2011-10-20 10:39:05
Lili;0.02;Malta;1;2011-10-26 08:56:30
Lili;0.05;Malta;1;2014-01-29 22:10:17
Lili;0.10;Malta;1;2013-01-04 10:28:12
Lili;0.20;Malta;1;2013-01-04 10:28:01
Lili;0.50;Malta;1;2011-10-20 10:24:00
Lili;1.00;Malta;1;2014-07-22 17:23:28
Lili;2.00;Malta;1;2011-04-03 16:52:45
Lili;0.01;Netherlands;1;2010-11-22 10:34:13
Lili;0.02;Netherlands;1;2010-11-22 11:00:50
Lili;0.05;Netherlands;1;2010-10-31 16:38:48
Lili;0.10;Netherlands;1;2010-11-23 10:38:55
Lili;0.20;Netherlands;1;2010-10-21 00:00:01
Lili;0.50;Netherlands;1;2010-11-01 10:38:34
Lili;1.00;Netherlands;1;2010-11-10 09:42:13
Lili;2.00;Netherlands;1;2010-10-31 16:38:28
Lili;0.01;Portugal;1;2011-01-20 09:03:45
Lili;0.02;Portugal;1;2014-07-22 17:23:40
Lili;0.05;Portugal;1;2010-12-18 21:22:12
Lili;0.10;Portugal;1;2010-11-10 09:41:32
Lili;0.20;Portugal;1;2011-03-07 10:43:03
Lili;0.50;Portugal;1;2011-07-01 17:02:00
Lili;1.00;Portugal;1;2010-12-09 10:50:35
Lili;2.00;Portugal;1;2011-03-28 14:25:40
Lili;0.20;San Marino;1;2013-01-04 10:27:51
Lili;0.50;San Marino;1;2012-06-11 11:07:33
Lili;1.00;San Marino;1;2013-02-19 13:57:58
Lili;0.01;Slovakia;1;2013-05-08 08:27:11
Lili;0.02;Slovakia;1;2017-03-20 09:01:14
Lili;0.10;Slovakia;1;2011-11-21 09:14:08
Lili;0.20;Slovakia;1;2013-07-09 15:30:06
Lili;0.50;Slovakia;1;2010-10-24 19:14:32
Lili;1.00;Slovakia;1;2011-07-01 17:01:49
Lili;2.00;Slovakia;1;2011-02-24 16:18:46
Lili;0.01;Slovenia;1;2011-04-03 16:53:17
Lili;0.02;Slovenia;1;2012-02-14 09:31:57
Lili;0.05;Slovenia;1;2011-04-03 16:53:36
Lili;0.10;Slovenia;1;2011-07-01 17:01:10
Lili;0.20;Slovenia;1;2011-04-03 16:53:49
Lili;0.50;Slovenia;1;2011-07-22 21:38:35
Lili;1.00;Slovenia;1;2011-10-20 10:36:02
Lili;2.00;Slovenia;1;2011-07-01 17:01:16
Lili;0.01;Spain;1;2010-11-10 09:40:21
Lili;0.02;Spain;1;2010-10-21 00:00:01
Lili;0.05;Spain;1;2010-10-30 13:11:10
Lili;0.10;Spain;1;2010-10-21 00:00:01
Lili;0.20;Spain;1;2010-11-10 09:41:57
Lili;0.50;Spain;1;2010-10-21 00:00:01
Lili;1.00;Spain;1;2010-10-21 00:00:01
Lili;2.00;Spain;1;2010-10-30 13:12:02
Lili;0.01;Spain;2;2012-02-22 14:34:52
Lili;0.02;Spain;2;2013-07-04 10:51:11
Lili;0.05;Spain;2;2012-05-10 10:16:30
Lili;0.10;Spain;2;2017-03-27 16:14:21
Lili;0.20;Spain;2;2017-07-12 17:43:10
Lili;0.50;Spain;2;2017-03-27 16:14:29
Lili;1.00;Spain;2;2016-09-12 09:35:13
Lili;2.00;Spain;2;2012-02-22 14:34:37
Lili;0.50;Vatican City;3;2011-09-02 10:11:42
Lili;0.01;Estonia;1;2011-03-21 09:41:11
Lili;0.02;Estonia;1;2015-10-01 10:42:30
Lili;0.05;Estonia;1;2017-04-03 15:14:56
Lili;0.10;Estonia;1;2011-02-15 09:56:38
Lili;0.20;Estonia;1;2011-02-15 09:56:45
Lili;0.50;Estonia;1;2014-07-20 12:19:03
Lili;1.00;Estonia;1;2011-03-21 09:41:18
Lili;2.00c;Greece;2004;2011-04-01 13:28:00
Lili;2.00c;Italy;2004;2011-06-16 09:27:00
Lili;2.00c;Austria;2005;2013-01-04 10:27:22
Lili;2.00c;Italy;2005;2012-09-24 16:33:21
Lili;2.00c;Belgium;2006;2012-09-10 14:03:18
Lili;2.00c;Germany;2006;2012-05-03 08:53:08
Lili;2.00c;Italy;2006;2014-01-29 22:09:42
Lili;2.00c;Germany;2007;2010-11-22 11:01:45
Lili;2.00c;Luxembourg;2007;2011-03-28 14:24:41
Lili;2.00c;Austria;2007tor;2011-09-02 10:13:43
Lili;2.00c;France;2007tor;2022-01-06 14:48:26
Lili;2.00c;Germany;2007tor;2011-10-20 10:38:53
Lili;2.00c;Greece;2007tor;2011-04-03 16:52:30
Lili;2.00c;Belgium;2008;2010-11-22 10:34:31
Lili;2.00c;France;2008;2012-01-19 16:27:43
Lili;2.00c;Germany;2008;2010-11-22 11:01:23
Lili;2.00c;Italy;2008;2013-01-04 10:27:00
Lili;2.00c;Slovenia;2008;2012-03-08 08:54:03
Lili;2.00c;Belgium;2009;2016-04-10 08:03:51
Lili;2.00c;Germany;2009;2010-11-22 11:01:56
Lili;2.00c;Italy;2009;2013-01-04 10:26:47
Lili;2.00c;Austria;2009emu;2013-01-04 10:27:12
Lili;2.00c;Germany;2009emu;2010-11-01 09:26:05
Lili;2.00c;Spain;2009emu;2014-07-20 12:17:28
Lili;2.00c;Belgium;2010;2012-06-18 10:51:58
Lili;2.00c;Finland;2010;2016-01-19 08:22:25
Lili;2.00c;France;2010;2010-12-15 09:34:33
Lili;2.00c;Germany;2010;2011-08-05 16:12:02
Lili;2.00c;Belgium;2011;2023-10-24 23:17:45
Lili;2.00c;Germany;2011;2011-11-07 09:49:37
Lili;2.00c;Italy;2011;2014-03-07 12:44:05
Lili;2.00c;Netherlands;2011;2011-10-20 10:38:29
Lili;2.00c;Belgium;2012;2016-01-19 08:21:48
Lili;2.00c;Germany;2012;2013-06-13 10:57:57
Lili;2.00c;Austria;2012tye;2013-05-27 10:54:55
Lili;2.00c;Belgium;2012tye;2012-06-14 14:14:59
Lili;2.00c;France;2012tye;2017-02-10 10:10:59
Lili;2.00c;Germany;2012tye;2012-04-02 10:57:13
Lili;2.00c;Italy;2012tye;2014-07-20 12:15:38
Lili;2.00c;Germany;2013;2013-06-04 14:08:56
Lili;2.00c;Netherlands;2013;2016-01-19 08:22:14
Lili;2.00c;Spain;2013;2016-08-22 13:02:52
Lili;2.00c;Germany;2013a;2014-07-20 12:16:00
Lili;2.00c;Italy;2013a;2014-08-19 08:44:05
Lili;0.01;Latvia;1;2015-08-04 09:43:46
Lili;0.02;Latvia;1;2015-08-04 09:43:50
Lili;0.05;Latvia;1;2015-08-04 09:43:56
Lili;0.10;Latvia;1;2015-08-04 09:44:01
Lili;0.20;Latvia;1;2016-01-19 08:21:09
Lili;1.00;Latvia;1;2019-04-25 16:39:36
Lili;2.00c;Netherlands;2013a;2015-01-25 22:24:24
Lili;2.00c;Belgium;2014;2016-01-19 16:57:27
Lili;2.00c;Germany;2014;2016-10-24 13:13:31
Lili;2.00c;Netherlands;2014;2015-01-25 22:25:17
Lili;2.00c;Slovenia;2014;2017-07-24 09:16:08
Lili;0.05;Netherlands;2;2015-01-25 22:25:45
Lili;0.10;Netherlands;2;2015-01-25 22:26:32
Lili;0.20;Netherlands;2;2016-01-19 08:21:01
Lili;0.50;Netherlands;2;2016-01-19 08:21:24
Lili;1.00;Netherlands;2;2016-04-10 08:04:37
Lili;2.00;Netherlands;2;2015-01-25 22:24:55
Lili;0.20;Lithuania;1;2019-11-25 19:55:30
Lili;1.00;Lithuania;1;2015-08-04 09:44:24
Lili;2.00;Lithuania;1;2019-04-25 14:51:06
Lili;0.05;Belgium;3;2015-10-01 10:42:58
Lili;2.00c;Germany;2015;2015-05-25 09:22:20
Lili;2.00c;Germany;2015a;2015-04-13 22:05:28
Lili;2.00c;Austria;2015euf;2017-07-24 09:09:33
Lili;2.00c;Germany;2015euf;2018-05-02 13:48:05
Lili;2.00c;Netherlands;2015euf;2016-04-10 08:03:12
Lili;2.00c;Austria;2016;2017-11-29 10:56:16
Lili;2.00c;Germany;2016;2017-07-24 09:10:50
Lili;2.00c;Slovenia;2016;2017-07-24 09:09:46
Lili;2.00c;Germany;2017;2019-08-24 10:14:57
Lili;1.00;Spain;3;2017-12-13 08:53:50
Lili;2.00c;Greece;2016;2023-09-06 08:45:49
Lili;2.00c;France;2017a;2023-04-17 15:11:27
Lili;2.00c;Germany;2018;2018-08-22 10:44:10
Lili;2.00c;France;2018a;2023-10-24 23:16:39
Lili;2.00c;Germany;2019a;2023-04-17 14:55:54
Marina;0.01;Austria;1;2010-11-01 09:51:34
Marina;0.02;Austria;1;2010-11-22 10:54:12
Marina;0.05;Austria;1;2010-11-10 10:55:01
Marina;0.10;Austria;1;2010-10-21 00:00:01
Marina;0.20;Austria;1;2010-10-21 00:00:01
Marina;0.50;Austria;1;2010-11-29 10:26:45
Marina;1.00;Austria;1;2010-11-29 10:27:16
Marina;2.00;Austria;1;2010-11-22 10:58:36
Marina;0.01;Belgium;1;2011-03-28 14:24:47
Marina;0.02;Belgium;1;2011-03-28 14:25:08
Marina;0.05;Belgium;1;2011-03-28 14:25:20
Marina;0.10;Belgium;1;2011-03-28 14:29:33
Marina;0.20;Belgium;1;2010-11-29 10:27:45
Marina;0.50;Belgium;1;2011-03-28 14:25:58
Marina;1.00;Belgium;1;2010-10-21 00:00:01
Marina;2.00;Belgium;1;2010-10-29 10:07:11
Marina;0.01;Belgium;2;2011-03-28 14:24:50
Marina;0.02;Belgium;2;2011-04-18 14:34:54
Marina;0.05;Belgium;2;2011-03-28 14:25:23
Marina;0.10;Belgium;2;2011-03-28 13:42:34
Marina;0.20;Belgium;2;2011-03-28 14:25:36
Marina;0.50;Belgium;2;2011-03-28 14:26:02
Marina;1.00;Belgium;2;2012-04-09 11:50:57
Marina;2.00;Belgium;2;2010-12-11 10:16:43
Marina;0.01;Cyprus;1;2011-04-18 14:32:40
Marina;0.02;Cyprus;1;2011-04-18 14:34:21
Marina;0.05;Cyprus;1;2011-04-18 14:35:56
Marina;0.10;Cyprus;1;2011-04-18 14:36:32
Marina;0.20;Cyprus;1;2011-04-18 14:37:17
Marina;0.50;Cyprus;1;2011-04-18 14:37:30
Marina;1.00;Cyprus;1;2012-06-26 10:27:33
Marina;2.00;Cyprus;1;2010-11-23 10:32:16
Marina;0.05;Finland;1;2012-10-26 17:43:43
Marina;0.10;Finland;1;2014-06-04 15:57:08
Marina;0.20;Finland;1;2011-02-15 10:36:40
Marina;0.50;Finland;1;2012-06-18 10:44:11
Marina;1.00;Finland;1;2010-11-01 11:02:07
Marina;2.00;Finland;1;2011-06-13 13:03:58
Marina;0.01;Finland;2;2011-04-18 14:32:54
Marina;0.02;Finland;2;2011-04-18 14:34:31
Marina;0.05;Finland;2;2011-04-18 14:35:50
Marina;0.10;Finland;2;2011-04-18 14:36:15
Marina;0.20;Finland;2;2011-04-18 14:37:03
Marina;0.50;Finland;2;2011-04-18 14:37:50
Marina;1.00;Finland;2;2011-04-18 14:38:11
Marina;2.00;Finland;2;2011-04-18 14:38:23
Marina;0.01;France;1;2010-12-20 11:39:13
Marina;0.02;France;1;2010-12-20 11:39:23
Marina;0.05;France;1;2010-11-11 10:34:19
Marina;0.10;France;1;2010-11-01 09:52:54
Marina;0.20;France;1;2010-11-29 10:26:04
Marina;0.50;France;1;2010-10-29 10:05:37
Marina;1.00;France;1;2010-11-10 10:55:44
Marina;2.00;France;1;2010-11-22 10:58:50
Marina;0.01;Germany;1;2010-10-25 10:01:59
Marina;0.02;Germany;1;2010-10-25 10:02:14
Marina;0.05;Germany;1;2010-10-24 19:31:35
Marina;0.10;Germany;1;2010-10-21 00:00:01
Marina;0.20;Germany;1;2010-10-27 17:43:23
Marina;0.50;Germany;1;2010-10-29 10:05:50
Marina;1.00;Germany;1;2010-10-29 10:06:20
Marina;2.00;Germany;1;2010-10-29 10:07:20
Marina;0.01;Greece;1;2010-11-22 10:53:52
Marina;0.02;Greece;1;2010-10-21 00:00:01
Marina;0.05;Greece;1;2010-11-11 10:34:36
Marina;0.10;Greece;1;2010-10-25 10:02:28
Marina;0.20;Greece;1;2010-10-21 00:00:01
Marina;0.50;Greece;1;2010-11-01 09:53:32
Marina;1.00;Greece;1;2010-10-25 10:02:48
Marina;2.00;Greece;1;2011-03-07 10:15:49
Marina;0.01;Ireland;1;2011-04-18 14:33:06
Marina;0.02;Ireland;1;2011-04-18 14:34:03
Marina;0.05;Ireland;1;2010-11-22 11:06:12
Marina;0.10;Ireland;1;2010-11-03 15:40:36
Marina;0.20;Ireland;1;2011-04-18 14:37:12
Marina;0.50;Ireland;1;2011-03-22 13:34:08
Marina;1.00;Ireland;1;2011-05-16 22:13:50
Marina;2.00;Ireland;1;2011-03-23 10:30:46
Marina;0.01;Italy;1;2010-11-22 22:33:56
Marina;0.02;Italy;1;2010-10-23 22:35:45
Marina;0.05;Italy;1;2010-11-01 09:52:34
Marina;0.10;Italy;1;2010-10-21 00:00:01
Marina;0.20;Italy;1;2010-10-21 00:00:01
Marina;0.50;Italy;1;2010-10-23 22:37:56
Marina;1.00;Italy;1;2010-10-21 00:00:01
Marina;2.00;Italy;1;2010-11-10 10:56:26
Marina;0.01;Luxembourg;1;2011-04-18 14:33:15
Marina;0.02;Luxembourg;1;2011-04-18 14:35:00
Marina;0.05;Luxembourg;1;2011-04-18 14:35:13
Marina;0.10;Luxembourg;1;2011-04-19 11:51:37
Marina;0.20;Luxembourg;1;2010-11-29 10:28:19
Marina;0.50;Luxembourg;1;2011-04-18 14:37:45
Marina;1.00;Luxembourg;1;2011-11-18 11:54:40
Marina;2.00;Luxembourg;1;2011-06-27 10:26:42
Marina;0.01;Malta;1;2011-04-18 14:33:22
Marina;0.02;Malta;1;2011-04-18 14:33:46
Marina;0.05;Malta;1;2011-04-18 14:35:21
Marina;0.10;Malta;1;2010-10-24 19:32:54
Marina;0.20;Malta;1;2011-04-18 14:36:49
Marina;0.50;Malta;1;2011-04-18 14:37:38
Marina;1.00;Malta;1;2013-01-04 10:28:51
Marina;2.00;Malta;1;2011-04-19 11:51:16
Marina;0.01;Netherlands;1;2010-11-22 10:54:04
Marina;0.02;Netherlands;1;2010-11-22 10:54:25
Marina;0.05;Netherlands;1;2010-11-01 09:54:20
Marina;0.10;Netherlands;1;2011-02-28 10:39:14
Marina;0.20;Netherlands;1;2010-11-22 10:54:37
Marina;0.50;Netherlands;1;2010-12-11 10:17:31
Marina;1.00;Netherlands;1;2011-02-28 10:39:38
Marina;2.00;Netherlands;1;2010-11-25 11:18:02
Marina;0.01;Portugal;1;2011-04-18 14:33:28
Marina;0.02;Portugal;1;2011-04-18 14:34:41
Marina;0.05;Portugal;1;2011-01-20 17:53:54
Marina;0.10;Portugal;1;2011-03-07 10:16:16
Marina;0.20;Portugal;1;2011-04-18 14:36:56
Marina;0.50;Portugal;1;2011-03-28 14:26:10
Marina;1.00;Portugal;1;2010-11-12 14:22:20
Marina;2.00;Portugal;1;2011-11-18 12:25:03
Marina;0.01;San Marino;1;2011-10-27 17:02:23
Marina;0.02;San Marino;1;2011-10-27 17:02:51
Marina;0.20;San Marino;1;2012-05-09 16:21:08
Marina;0.50;San Marino;1;2013-01-04 10:28:40
Marina;1.00;San Marino;1;2016-08-22 23:32:24
Marina;0.01;Slovakia;1;2011-10-27 17:02:33
Marina;0.02;Slovakia;1;2017-03-19 20:03:49
Marina;0.05;Slovakia;1;2011-10-27 17:03:02
Marina;0.10;Slovakia;1;2013-06-20 15:05:35
Marina;0.20;Slovakia;1;2011-09-25 23:55:30
Marina;0.50;Slovakia;1;2011-09-02 10:35:42
Marina;1.00;Slovakia;1;2011-10-27 17:03:17
Marina;2.00;Slovakia;1;2011-05-05 14:17:02
Marina;0.01;Slovenia;1;2012-05-09 16:17:51
Marina;0.02;Slovenia;1;2012-02-14 18:31:43
Marina;0.05;Slovenia;1;2012-05-09 16:19:58
Marina;0.10;Slovenia;1;2011-10-26 10:38:29
Marina;0.20;Slovenia;1;2012-04-09 11:50:37
Marina;0.50;Slovenia;1;2012-09-10 14:06:51
Marina;1.00;Slovenia;1;2012-03-09 13:37:36
Marina;2.00;Slovenia;1;2017-08-13 23:44:40
Marina;0.01;Spain;1;2010-11-22 10:53:58
Marina;0.02;Spain;1;2010-11-01 09:52:11
Marina;0.05;Spain;1;2010-10-23 22:36:47
Marina;0.10;Spain;1;2010-11-01 09:53:15
Marina;0.20;Spain;1;2010-10-29 10:05:01
Marina;0.50;Spain;1;2010-10-29 10:06:02
Marina;1.00;Spain;1;2010-10-23 22:38:42
Marina;2.00;Spain;1;2010-11-22 11:27:41
Marina;0.01;Spain;2;2012-02-22 13:37:41
Marina;0.02;Spain;2;2013-07-09 10:07:48
Marina;0.05;Spain;2;2011-09-25 23:56:25
Marina;0.10;Spain;2;2016-05-30 19:50:51
Marina;0.20;Spain;2;2016-10-14 16:15:30
Marina;0.50;Spain;2;2012-02-22 13:44:52
Marina;1.00;Spain;2;2016-09-03 00:36:52
Marina;2.00;Spain;2;2016-08-28 00:34:04
Marina;0.50;Vatican City;3;2011-06-27 13:07:54
Marina;0.01;Estonia;1;2011-03-21 10:21:52
Marina;0.02;Estonia;1;2011-03-21 10:21:57
Marina;0.05;Estonia;1;2011-04-18 14:35:40
Marina;0.10;Estonia;1;2011-02-15 10:35:03
Marina;0.20;Estonia;1;2011-02-15 10:35:08
Marina;0.50;Estonia;1;2011-06-30 17:44:53
Marina;1.00;Estonia;1;2011-03-21 10:22:01
Marina;2.00c;Greece;2004;2011-09-02 10:37:12
Marina;2.00c;Italy;2004;2012-05-09 16:25:53
Marina;2.00c;Austria;2005;2023-06-02 16:49:15
Marina;2.00c;Spain;2005;2013-02-12 23:22:09
Marina;2.00c;Germany;2006;2012-05-09 16:28:12
Marina;2.00c;Italy;2006;2013-01-04 10:33:01
Marina;2.00c;Germany;2007;2010-11-22 10:58:15
Marina;2.00c;Austria;2007tor;2012-05-09 16:23:43
Marina;2.00c;France;2007tor;2011-05-17 10:28:26
Marina;2.00c;Germany;2007tor;2011-04-08 14:36:38
Marina;2.00c;Ireland;2007tor;2017-02-10 10:44:59
Marina;2.00c;Italy;2007tor;2016-08-28 00:24:38
Marina;2.00c;Belgium;2008;2016-02-08 10:43:10
Marina;2.00c;France;2008;2013-01-04 10:31:54
Marina;2.00c;Germany;2008;2010-11-22 10:58:22
Marina;2.00c;Italy;2008;2013-01-04 10:33:27
Marina;2.00c;Germany;2009;2011-10-20 18:29:23
Marina;2.00c;Italy;2009;2014-08-19 10:22:27
Marina;2.00c;Austria;2009emu;2013-07-09 10:08:33
Marina;2.00c;Belgium;2009emu;2011-06-27 10:25:33
Marina;2.00c;France;2009emu;2011-09-02 10:04:36
Marina;2.00c;Germany;2009emu;2012-11-06 17:27:52
Marina;2.00c;Greece;2009emu;2012-09-08 23:15:52
Marina;2.00c;Italy;2009emu;2023-09-11 12:03:17
Marina;2.00c;Belgium;2010;2013-01-04 10:31:09
Marina;2.00c;France;2010;2010-12-11 10:17:02
Marina;2.00c;Germany;2010;2011-01-20 17:56:15
Marina;2.00c;Greece;2010;2012-05-09 16:27:52
Marina;2.00c;France;2011;2016-07-27 10:04:40
Marina;2.00c;Germany;2011;2013-01-04 10:30:26
Marina;2.00c;Italy;2011;2013-01-04 10:32:27
Marina;2.00c;Spain;2011;2012-05-09 16:27:22
Marina;2.00c;Belgium;2012;2014-12-17 23:46:09
Marina;2.00c;Germany;2012;2013-06-03 11:19:42
Marina;2.00c;Austria;2012tye;2013-07-09 10:08:17
Marina;2.00c;Cyprus;2012tye;2023-06-28 23:18:08
Marina;2.00c;France;2012tye;2012-06-24 20:55:47
Marina;2.00c;Germany;2012tye;2015-09-07 11:35:19
Marina;2.00c;Greece;2012tye;2013-07-21 15:57:09
Marina;2.00c;Italy;2012tye;2017-05-05 13:27:21
Marina;2.00c;Germany;2013;2013-05-08 11:54:04
Marina;2.00c;Italy;2013;2016-08-28 00:25:29
Marina;2.00c;Netherlands;2013;2016-01-19 09:47:29
Marina;2.00c;Italy;2013a;2015-04-14 14:12:45
Marina;0.01;Latvia;1;2015-08-04 10:09:22
Marina;0.02;Latvia;1;2015-08-04 10:09:39
Marina;0.05;Latvia;1;2016-01-19 09:48:18
Marina;0.10;Latvia;1;2015-08-04 10:09:52
Marina;0.20;Latvia;1;2016-10-12 23:15:40
Marina;1.00;Latvia;1;2017-06-05 13:51:08
Marina;2.00;Latvia;1;2017-03-27 11:41:51
Marina;2.00c;Netherlands;2013a;2015-01-26 10:42:22
Marina;2.00c;France;2014;2017-11-25 23:46:04
Marina;2.00c;Germany;2014;2015-10-01 10:35:22
Marina;0.05;Netherlands;2;2015-01-26 10:42:38
Marina;0.10;Netherlands;2;2016-01-19 09:48:03
Marina;1.00;Netherlands;2;2018-04-14 22:55:58
Marina;2.00c;Spain;2014a;2017-11-25 13:12:27
Marina;0.01;Lithuania;1;2017-04-30 15:02:03
Marina;0.02;Lithuania;1;2017-04-30 15:02:11
Marina;0.10;Lithuania;1;2018-12-06 11:54:46
Marina;0.20;Lithuania;1;2016-08-28 00:28:12
Marina;1.00;Lithuania;1;2019-05-13 09:47:35
Marina;2.00;Lithuania;1;2016-10-16 00:45:19
Marina;0.05;Belgium;3;2015-01-26 10:44:19
Marina;0.50;Belgium;3;2017-12-06 20:10:44
Marina;2.00c;Germany;2015;2015-10-01 10:35:03
Marina;2.00c;Germany;2015a;2015-06-05 13:34:36
Marina;2.00c;Austria;2015euf;2017-12-13 10:54:35
Marina;2.00c;Germany;2015euf;2016-10-11 10:45:37
Marina;2.00c;Austria;2016;2017-03-19 20:00:49
Marina;2.00c;Germany;2016;2017-04-03 08:51:29
Marina;2.00c;Ireland;2016;2018-04-14 11:17:14
Marina;2.00c;Germany;2017;2019-05-13 09:50:52
Marina;1.00;Spain;3;2017-03-27 11:40:58
Marina;2.00c;France;2016;2018-09-23 11:41:51
Marina;2.00c;Finland;2016a;2017-06-05 13:52:04
Marina;0.02;Andorra;1;2019-10-30 07:07:15
Marina;0.20;Andorra;1;2019-10-30 07:07:32
Marina;2.00c;Germany;2018;2018-07-18 11:22:56
Marina;2.00c;Germany;2018a;2019-09-10 08:55:50
Marina;2.00c;Germany;2019;2019-04-19 09:37:21
Niki;0.01;Austria;1;2010-10-21 00:00:01
Niki;0.02;Austria;1;2010-10-21 00:00:01
Niki;0.05;Austria;1;2010-10-21 00:00:01
Niki;0.10;Austria;1;2010-10-21 00:00:01
Niki;0.20;Austria;1;2010-10-29 20:33:45
Niki;0.50;Austria;1;2010-10-21 00:00:01
Niki;1.00;Austria;1;2010-10-29 20:34:37
Niki;2.00;Austria;1;2010-11-22 10:57:09
Niki;0.01;Belgium;1;2011-03-25 21:35:17
Niki;0.02;Belgium;1;2010-12-22 19:05:36
Niki;0.05;Belgium;1;2010-11-22 11:06:25
Niki;0.10;Belgium;1;2010-10-29 10:05:59
Niki;0.20;Belgium;1;2010-11-28 18:44:57
Niki;0.50;Belgium;1;2010-11-28 18:43:20
Niki;1.00;Belgium;1;2010-10-25 09:24:29
Niki;2.00;Belgium;1;2010-10-29 10:05:41
Niki;0.01;Belgium;2;2011-03-25 21:35:34
Niki;0.02;Belgium;2;2011-03-25 21:36:08
Niki;0.05;Belgium;2;2011-03-24 21:55:04
Niki;0.10;Belgium;2;2010-11-28 18:45:46
Niki;0.20;Belgium;2;2011-03-25 21:38:40
Niki;0.50;Belgium;2;2011-03-24 21:57:43
Niki;1.00;Belgium;2;2011-03-24 21:58:55
Niki;2.00;Belgium;2;2011-03-24 21:59:37
Niki;0.01;Cyprus;1;2011-04-05 09:08:17
Niki;0.02;Cyprus;1;2011-04-05 09:08:21
Niki;0.05;Cyprus;1;2011-03-24 21:55:32
Niki;0.10;Cyprus;1;2010-10-29 20:32:54
Niki;0.20;Cyprus;1;2010-10-29 20:34:08
Niki;0.50;Cyprus;1;2011-04-05 09:08:29
Niki;1.00;Cyprus;1;2011-04-05 09:08:33
Niki;2.00;Cyprus;1;2011-04-19 11:51:44
Niki;0.01;Finland;1;2011-04-05 09:08:55
Niki;0.02;Finland;1;2011-04-05 09:08:58
Niki;0.05;Finland;1;2011-04-05 09:09:01
Niki;0.10;Finland;1;2011-04-05 09:09:05
Niki;0.20;Finland;1;2010-10-25 09:33:11
Niki;0.50;Finland;1;2011-02-14 18:55:49
Niki;1.00;Finland;1;2010-11-10 10:51:46
Niki;2.00;Finland;1;2010-11-28 18:41:51
Niki;0.01;Finland;2;2011-03-31 09:19:17
Niki;0.02;Finland;2;2011-03-31 09:19:20
Niki;0.05;Finland;2;2011-03-31 09:19:23
Niki;0.10;Finland;2;2011-02-14 18:56:23
Niki;0.20;Finland;2;2011-03-31 09:19:26
Niki;0.50;Finland;2;2011-03-31 09:19:29
Niki;1.00;Finland;2;2011-03-31 09:19:33
Niki;2.00;Finland;2;2011-03-31 09:19:36
Niki;0.01;France;1;2010-10-21 00:00:01
Niki;0.02;France;1;2010-10-21 00:00:01
Niki;0.05;France;1;2010-10-21 00:00:01
Niki;0.10;France;1;2010-10-21 00:00:01
Niki;0.20;France;1;2010-10-21 00:00:01
Niki;0.50;France;1;2010-10-29 20:35:26
Niki;1.00;France;1;2010-10-21 00:00:01
Niki;2.00;France;1;2010-10-29 20:35:01
Niki;0.01;Germany;1;2010-10-21 00:00:01
Niki;0.02;Germany;1;2010-10-21 00:00:01
Niki;0.05;Germany;1;2010-10-21 00:00:01
Niki;0.10;Germany;1;2010-10-24 20:24:20
Niki;0.20;Germany;1;2010-10-24 20:24:53
Niki;0.50;Germany;1;2010-10-21 00:00:01
Niki;1.00;Germany;1;2010-10-24 20:25:18
Niki;2.00;Germany;1;2010-10-29 10:17:04
Niki;0.01;Greece;1;2010-10-21 00:00:01
Niki;0.02;Greece;1;2010-10-21 00:00:01
Niki;0.05;Greece;1;2010-11-22 10:56:40
Niki;0.10;Greece;1;2010-10-21 00:00:01
Niki;0.20;Greece;1;2010-10-21 00:00:01
Niki;0.50;Greece;1;2010-10-21 00:00:01
Niki;1.00;Greece;1;2010-10-21 00:00:01
Niki;2.00;Greece;1;2010-10-21 00:00:01
Niki;0.01;Ireland;1;2011-03-26 20:47:00
Niki;0.02;Ireland;1;2011-04-05 09:09:24
Niki;0.05;Ireland;1;2011-04-05 09:09:29
Niki;0.10;Ireland;1;2010-10-21 00:00:01
Niki;0.20;Ireland;1;2011-03-25 21:39:51
Niki;0.50;Ireland;1;2011-03-22 13:35:07
Niki;1.00;Ireland;1;2010-11-09 09:19:47
Niki;2.00;Ireland;1;2010-11-28 18:42:00
Niki;0.01;Italy;1;2010-10-21 00:00:01
Niki;0.02;Italy;1;2010-10-21 00:00:01
Niki;0.05;Italy;1;2010-10-21 00:00:01
Niki;0.10;Italy;1;2010-10-21 00:00:01
Niki;0.20;Italy;1;2010-10-21 00:00:01
Niki;0.50;Italy;1;2010-10-21 00:00:01
Niki;1.00;Italy;1;2010-10-21 00:00:01
Niki;2.00;Italy;1;2010-10-21 00:00:01
Niki;0.01;Luxembourg;1;2011-04-05 09:09:44
Niki;0.02;Luxembourg;1;2010-11-28 18:46:01
Niki;0.05;Luxembourg;1;2011-04-05 09:09:49
Niki;0.10;Luxembourg;1;2011-04-05 09:09:56
Niki;0.20;Luxembourg;1;2010-11-28 18:44:44
Niki;0.50;Luxembourg;1;2011-03-25 21:41:12
Niki;1.00;Luxembourg;1;2011-04-05 09:10:02
Niki;2.00;Luxembourg;1;2010-11-28 18:41:21
Niki;0.01;Malta;1;2011-04-05 09:10:30
Niki;0.02;Malta;1;2011-04-05 09:10:34
Niki;0.05;Malta;1;2011-04-05 09:10:36
Niki;0.10;Malta;1;2011-03-23 10:27:01
Niki;0.20;Malta;1;2011-03-23 10:26:48
Niki;0.50;Malta;1;2011-04-05 09:10:49
Niki;1.00;Malta;1;2011-03-23 10:26:39
Niki;2.00;Malta;1;2011-04-05 09:10:54
Niki;0.01;Netherlands;1;2010-10-21 00:00:01
Niki;0.02;Netherlands;1;2010-11-22 10:56:48
Niki;0.05;Netherlands;1;2010-10-21 00:00:01
Niki;0.10;Netherlands;1;2010-10-21 00:00:01
Niki;0.20;Netherlands;1;2010-11-11 10:34:37
Niki;0.50;Netherlands;1;2010-11-28 18:43:32
Niki;1.00;Netherlands;1;2010-12-20 09:23:50
Niki;2.00;Netherlands;1;2010-11-28 18:41:06
Niki;0.01;Portugal;1;2011-04-05 09:11:06
Niki;0.02;Portugal;1;2011-04-05 09:11:09
Niki;0.05;Portugal;1;2011-03-24 21:55:59
Niki;0.10;Portugal;1;2010-11-28 18:45:37
Niki;0.20;Portugal;1;2011-03-24 21:56:54
Niki;0.50;Portugal;1;2011-03-24 21:57:19
Niki;1.00;Portugal;1;2011-03-25 21:42:02
Niki;2.00;Portugal;1;2010-11-28 18:41:32
Niki;0.01;San Marino;1;2011-04-02 15:50:21
Niki;0.02;San Marino;1;2011-04-02 15:50:25
Niki;0.05;San Marino;1;2011-04-02 15:50:28
Niki;0.10;San Marino;1;2011-04-02 15:50:32
Niki;0.20;San Marino;1;2011-04-02 15:50:35
Niki;0.50;San Marino;1;2011-04-02 15:50:39
Niki;1.00;San Marino;1;2011-04-02 15:50:43
Niki;2.00;San Marino;1;2011-04-02 15:50:47
Niki;0.01;Slovakia;1;2011-03-26 20:47:33
Niki;0.02;Slovakia;1;2011-04-18 14:30:38
Niki;0.05;Slovakia;1;2011-04-11 09:35:04
Niki;0.10;Slovakia;1;2012-05-03 09:00:19
Niki;0.20;Slovakia;1;2011-02-24 13:34:35
Niki;0.50;Slovakia;1;2011-09-02 10:15:33
Niki;1.00;Slovakia;1;2011-10-15 09:33:53
Niki;2.00;Slovakia;1;2011-03-07 09:55:01
Niki;0.01;Slovenia;1;2011-04-18 14:30:46
Niki;0.02;Slovenia;1;2011-04-18 14:30:52
Niki;0.05;Slovenia;1;2012-12-26 15:12:33
Niki;0.10;Slovenia;1;2011-10-20 10:42:39
Niki;0.20;Slovenia;1;2011-06-13 12:56:25
Niki;0.50;Slovenia;1;2010-11-28 18:43:44
Niki;1.00;Slovenia;1;2011-06-13 12:56:31
Niki;2.00;Slovenia;1;2012-02-23 08:59:13
Niki;0.01;Spain;1;2010-10-21 00:00:01
Niki;0.02;Spain;1;2010-10-21 00:00:01
Niki;0.05;Spain;1;2010-10-21 00:00:01
Niki;0.10;Spain;1;2010-10-21 00:00:01
Niki;0.20;Spain;1;2010-10-21 00:00:01
Niki;0.50;Spain;1;2010-10-21 00:00:01
Niki;1.00;Spain;1;2010-10-25 14:36:57
Niki;2.00;Spain;1;2010-10-21 00:00:01
Niki;0.01;Spain;2;2012-02-22 12:35:16
Niki;0.02;Spain;2;2012-02-22 12:35:20
Niki;0.05;Spain;2;2012-02-22 12:35:23
Niki;0.10;Spain;2;2012-02-22 12:35:27
Niki;0.20;Spain;2;2012-02-22 12:35:31
Niki;0.50;Spain;2;2012-02-22 12:35:35
Niki;1.00;Spain;2;2012-02-22 12:35:39
Niki;2.00;Spain;2;2012-02-22 12:35:42
Niki;0.50;Vatican City;3;2011-03-29 13:46:52
Niki;0.01;Estonia;1;2011-03-19 14:45:52
Niki;0.02;Estonia;1;2011-02-14 18:56:41
Niki;0.05;Estonia;1;2011-02-14 18:56:45
Niki;0.10;Estonia;1;2011-02-14 18:56:48
Niki;0.20;Estonia;1;2011-02-14 18:56:52
Niki;0.50;Estonia;1;2011-02-14 18:56:56
Niki;1.00;Estonia;1;2011-02-14 18:56:59
Niki;2.00;Estonia;1;2011-03-19 14:46:04
Niki;2.00c;Greece;2004;2010-10-21 00:00:01
Niki;2.00c;Italy;2004;2011-06-13 12:57:13
Niki;2.00c;Luxembourg;2004;2011-10-31 15:55:03
Niki;2.00c;Austria;2005;2011-10-31 15:55:11
Niki;2.00c;Belgium;2005;2011-10-31 15:55:29
Niki;2.00c;Finland;2005;2011-10-31 15:55:38
Niki;2.00c;Italy;2005;2011-10-31 15:55:54
Niki;2.00c;Luxembourg;2005;2011-10-31 15:56:06
Niki;2.00c;Spain;2005;2011-10-31 15:56:15
Niki;2.00c;Belgium;2006;2011-10-31 15:56:24
Niki;2.00c;Finland;2006;2011-10-31 15:56:35
Niki;2.00c;Germany;2006;2010-11-22 11:06:47
Niki;2.00c;Italy;2006;2011-10-31 15:56:44
Niki;2.00c;Luxembourg;2006;2011-01-14 09:05:31
Niki;2.00c;Finland;2007;2011-10-31 15:56:58
Niki;2.00c;Germany;2007;2010-11-22 10:57:49
Niki;2.00c;Luxembourg;2007;2011-01-14 09:05:13
Niki;2.00c;Portugal;2007;2011-10-31 15:57:06
Niki;2.00c;Austria;2007tor;2012-04-26 16:32:40
Niki;2.00c;France;2007tor;2012-12-26 15:10:59
Niki;2.00c;Germany;2007tor;2010-11-28 18:42:34
Niki;2.00c;Greece;2007tor;2011-10-18 13:43:19
Niki;2.00c;Ireland;2007tor;2012-12-26 15:11:28
Niki;2.00c;Italy;2007tor;2012-12-26 15:11:47
Niki;2.00c;Netherlands;2007tor;2012-12-26 15:10:41
Niki;2.00c;Spain;2007tor;2011-10-18 13:43:34
Niki;2.00c;Belgium;2008;2011-03-24 22:00:34
Niki;2.00c;Finland;2008;2011-01-14 09:03:43
Niki;2.00c;France;2008;2012-06-16 08:47:44
Niki;2.00c;Germany;2008;2010-11-22 10:57:39
Niki;2.00c;Italy;2008;2011-06-13 12:57:04
Niki;2.00c;Luxembourg;2008;2011-01-14 09:05:04
Niki;2.00c;Portugal;2008;2011-01-14 09:06:07
Niki;2.00c;Slovenia;2008;2010-12-21 09:47:16
Niki;2.00c;Germany;2009;2011-09-02 10:16:10
Niki;2.00c;Italy;2009;2012-12-26 15:10:13
Niki;2.00c;Luxembourg;2009;2011-01-14 09:04:41
Niki;2.00c;Portugal;2009;2011-01-14 09:06:01
Niki;2.00c;Slovakia;2009;2010-12-21 09:47:21
Niki;2.00c;Vatican City;2009;2011-06-13 12:57:57
Niki;2.00c;Austria;2009emu;2011-04-08 14:31:44
Niki;2.00c;Cyprus;2009emu;2010-12-21 09:47:25
Niki;2.00c;Finland;2009emu;2011-01-14 09:04:01
Niki;2.00c;Germany;2009emu;2011-04-08 14:29:17
Niki;2.00c;Greece;2009emu;2012-12-26 15:09:05
Niki;2.00c;Ireland;2009emu;2011-10-18 13:43:48
Niki;2.00c;Italy;2009emu;2012-12-26 15:08:39
Niki;2.00c;Luxembourg;2009emu;2011-01-14 09:04:18
Niki;2.00c;Malta;2009emu;2010-12-21 09:47:29
Niki;2.00c;Portugal;2009emu;2011-01-14 09:05:54
Niki;2.00c;Slovakia;2009emu;2013-07-23 21:18:52
Niki;2.00c;Slovenia;2009emu;2010-12-21 09:47:36
Niki;2.00c;Belgium;2010;2011-05-03 09:53:19
Niki;2.00c;Finland;2010;2011-03-31 09:19:39
Niki;2.00c;France;2010;2011-05-17 11:04:10
Niki;2.00c;Germany;2010;2011-10-10 08:58:54
Niki;2.00c;Greece;2010;2011-05-16 13:34:45
Niki;2.00c;Italy;2010;2012-12-26 15:09:28
Niki;2.00c;Luxembourg;2010;2010-12-21 09:47:39
Niki;2.00c;Slovenia;2010;2010-12-21 09:47:44
Niki;2.00c;Spain;2010;2012-02-22 12:35:54
Niki;2.00c;France;2011;2012-12-03 15:04:54
Niki;2.00c;Germany;2011;2012-04-09 11:50:30
Niki;2.00c;Italy;2011;2012-12-26 15:09:43
Niki;2.00c;Portugal;2011;2017-03-22 13:13:57
Niki;2.00c;Slovakia;2011;2011-05-03 09:53:15
Niki;2.00c;Spain;2011;2012-02-22 12:36:02
Niki;2.00c;Germany;2012;2013-06-04 14:12:58
Niki;2.00c;Spain;2012;2012-02-22 12:36:06
Niki;2.00c;Austria;2012tye;2012-12-26 15:09:14
Niki;2.00c;Belgium;2012tye;2016-01-19 08:50:59
Niki;2.00c;Estonia;2012tye;2012-02-22 12:36:20
Niki;2.00c;France;2012tye;2012-06-16 08:47:54
Niki;2.00c;Germany;2012tye;2012-04-04 13:08:21
Niki;2.00c;Greece;2012tye;2015-07-15 12:40:15
Niki;2.00c;Ireland;2012tye;2019-09-14 07:05:41
Niki;2.00c;Italy;2012tye;2014-07-23 10:19:32
Niki;2.00c;Spain;2012tye;2012-02-22 12:36:10
Niki;2.00c;France;2012;2012-09-10 15:48:37
Niki;2.00c;Italy;2012;2015-04-14 08:39:08
Niki;2.00c;France;2013;2015-04-14 08:40:55
Niki;2.00c;Germany;2013;2013-05-20 09:01:58
Niki;2.00c;Italy;2013;2014-08-18 18:36:14
Niki;2.00c;Netherlands;2013;2015-04-14 08:39:33
Niki;2.00c;Germany;2013a;2017-05-05 13:28:05
Niki;2.00c;Monaco;2013;2017-03-22 13:14:16
Niki;2.00c;Italy;2013a;2014-08-18 18:36:23
Niki;0.02;Latvia;1;2015-08-04 10:13:17
Niki;0.10;Latvia;1;2015-08-04 10:13:22
Niki;0.20;Latvia;1;2017-06-05 13:54:17
Niki;1.00;Latvia;1;2018-05-21 13:32:16
Niki;2.00c;Netherlands;2013a;2015-01-26 09:05:53
Niki;2.00c;France;2014;2017-03-22 13:13:27
Niki;2.00c;Germany;2014;2016-10-24 10:58:58
Niki;2.00c;Italy;2014;2019-07-08 09:16:34
Niki;2.00c;Italy;2014a;2015-04-14 08:41:34
Niki;0.05;Netherlands;2;2015-01-26 09:06:05
Niki;0.10;Netherlands;2;2016-01-19 08:52:21
Niki;0.20;Netherlands;2;2014-08-19 10:20:00
Niki;2.00;Netherlands;2;2016-01-19 09:46:48
Niki;0.05;Belgium;3;2015-01-26 11:20:36
Niki;2.00c;Germany;2015;2015-05-07 14:54:56
Niki;2.00c;Italy;2015;2019-09-10 08:56:25
Niki;2.00c;Spain;2015;2015-10-25 07:52:20
Niki;2.00c;Germany;2015a;2015-03-17 11:45:48
Niki;2.00c;Germany;2015euf;2015-12-21 11:32:33
Niki;2.00c;Austria;2016;2017-12-13 10:52:40
Niki;2.00c;Germany;2016;2017-02-10 10:07:12
Niki;2.00c;Luxembourg;2016;2019-10-14 08:09:09
Niki;1.00;Spain;3;2017-11-27 16:16:35
Niki;2.00c;Greece;2017;2022-01-06 14:56:50
Niki;2.00c;France;2017a;2019-12-09 08:25:54
Niki;2.00c;Germany;2018;2018-07-13 09:19:36
Niki;2.00c;Cyprus;2017;2019-10-14 08:10:04
Niki;2.00c;Germany;2019a;2019-12-09 08:25:17
Sofia;0.01;Austria;1;2010-11-04 12:53:54
Sofia;0.02;Austria;1;2010-11-04 12:24:36
Sofia;0.05;Austria;1;2010-11-04 12:50:16
Sofia;0.10;Austria;1;2010-11-04 12:17:02
Sofia;0.20;Austria;1;2010-11-04 12:34:36
Sofia;0.50;Austria;1;2010-11-04 12:19:06
Sofia;2.00;Austria;1;2010-11-04 12:01:56
Sofia;0.01;Belgium;1;2010-11-04 12:43:48
Sofia;0.02;Belgium;1;2010-11-04 13:27:48
Sofia;0.05;Belgium;1;2010-11-04 12:43:32
Sofia;0.10;Belgium;1;2010-11-04 13:07:24
Sofia;0.20;Belgium;1;2010-11-04 13:28:01
Sofia;1.00;Belgium;1;2010-11-04 12:13:07
Sofia;1.00;Cyprus;1;2012-05-13 18:15:53
Sofia;2.00;Cyprus;1;2010-11-04 12:20:03
Sofia;2.00;Finland;1;2012-05-13 18:15:29
Sofia;0.05;Finland;2;2010-11-04 12:40:45
Sofia;0.01;France;1;2010-11-04 13:05:02
Sofia;0.02;France;1;2010-11-04 13:29:44
Sofia;0.05;France;1;2010-11-04 12:19:27
Sofia;0.20;France;1;2010-11-04 13:32:37
Sofia;0.50;France;1;2010-11-04 12:32:47
Sofia;2.00;France;1;2010-11-04 12:16:32
Sofia;0.01;Germany;1;2010-11-04 12:22:26
Sofia;0.02;Germany;1;2010-11-04 12:22:46
Sofia;0.05;Germany;1;2010-11-04 12:23:05
Sofia;0.10;Germany;1;2010-11-04 12:23:25
Sofia;0.20;Germany;1;2010-11-04 12:23:41
Sofia;0.50;Germany;1;2012-05-13 18:20:26
Sofia;1.00;Germany;1;2010-11-04 11:59:21
Sofia;2.00;Germany;1;2012-05-13 18:44:24
Sofia;0.01;Greece;1;2010-11-04 13:06:52
Sofia;0.10;Greece;1;2012-05-13 18:40:10
Sofia;0.20;Greece;1;2010-11-04 12:20:55
Sofia;1.00;Greece;1;2010-11-04 13:35:51
Sofia;2.00;Greece;1;2010-11-04 12:18:16
Sofia;0.05;Ireland;1;2010-11-04 12:38:53
Sofia;0.10;Ireland;1;2010-11-04 13:33:31
Sofia;0.20;Ireland;1;2012-05-13 18:29:46
Sofia;0.01;Italy;1;2010-11-04 12:24:18
Sofia;0.02;Italy;1;2010-11-04 12:39:16
Sofia;0.05;Italy;1;2010-11-04 13:06:12
Sofia;0.10;Italy;1;2010-11-04 13:07:49
Sofia;0.20;Italy;1;2010-11-04 13:32:11
Sofia;0.50;Italy;1;2010-11-04 12:33:02
Sofia;1.00;Italy;1;2010-11-04 12:45:07
Sofia;2.00;Italy;1;2010-11-04 12:01:34
Sofia;0.01;Luxembourg;1;2010-11-04 12:35:16
Sofia;0.02;Luxembourg;1;2010-11-04 13:25:31
Sofia;0.10;Luxembourg;1;2012-05-18 13:40:48
Sofia;0.20;Luxembourg;1;2010-11-04 12:21:36
Sofia;0.50;Malta;1;2010-11-04 12:14:22
Sofia;0.01;Netherlands;1;2010-11-04 12:49:45
Sofia;0.02;Netherlands;1;2010-11-04 12:53:05
Sofia;0.05;Netherlands;1;2010-11-04 12:43:21
Sofia;0.10;Netherlands;1;2010-11-04 13:03:33
Sofia;0.20;Netherlands;1;2010-11-04 13:03:52
Sofia;2.00;Netherlands;1;2010-11-04 12:30:31
Sofia;0.01;Portugal;1;2010-11-04 13:04:13
Sofia;0.05;Portugal;1;2010-11-04 12:17:56
Sofia;0.50;Portugal;1;2010-11-04 12:11:23
Sofia;0.01;Slovakia;1;2012-05-13 18:07:13
Sofia;0.02;Slovakia;1;2012-05-13 18:06:31
Sofia;0.05;Slovakia;1;2012-05-13 18:06:08
Sofia;0.10;Slovakia;1;2012-05-13 18:05:28
Sofia;0.20;Slovakia;1;2012-05-13 18:05:02
Sofia;0.50;Slovakia;1;2012-05-13 18:04:24
Sofia;1.00;Slovakia;1;2010-11-24 13:30:43
Sofia;2.00;Slovakia;1;2012-05-13 18:02:45
Sofia;2.00;Slovenia;1;2010-11-04 13:24:33
Sofia;0.01;Spain;1;2010-11-04 12:52:48
Sofia;0.02;Spain;1;2010-11-04 12:41:31
Sofia;0.05;Spain;1;2010-11-04 12:42:57
Sofia;0.10;Spain;1;2010-11-04 12:31:02
Sofia;1.00;Spain;1;2010-11-04 12:12:41
Sofia;2.00c;Greece;2004;2012-05-18 13:39:38
Sofia;2.00c;Germany;2006;2010-11-04 12:15:38
Sofia;2.00c;Germany;2007;2010-11-04 12:10:51
Sofia;2.00c;Austria;2007tor;2010-11-04 12:16:11
Sofia;2.00c;Germany;2007tor;2010-11-04 12:13:55
Sofia;2.00c;France;2008;2010-11-24 13:34:23
Sofia;2.00c;Germany;2008;2010-11-04 12:03:58
Sofia;2.00c;Germany;2009;2010-11-04 12:03:01
Sofia;2.00c;Germany;2009emu;2010-11-04 12:08:18
Sofia;2.00c;Germany;2010;2012-05-13 18:25:40
Sofia;2.00c;Germany;2012;2012-05-13 18:12:32
Sofia;2.00c;Germany;2012tye;2012-05-13 18:15:08
Tsetso;0.01;Austria;1;2011-09-15 15:30:03
Tsetso;0.02;Austria;1;2011-11-09 09:26:51
Tsetso;0.05;Austria;1;2011-09-12 14:44:15
Tsetso;0.10;Austria;1;2011-09-14 17:05:40
Tsetso;0.20;Austria;1;2012-04-19 23:09:52
Tsetso;0.50;Austria;1;2012-04-22 22:30:48
Tsetso;1.00;Austria;1;2012-01-16 09:58:41
Tsetso;2.00;Austria;1;2011-09-11 21:50:59
Tsetso;0.01;Belgium;1;2012-05-13 22:58:33
Tsetso;0.02;Belgium;1;2012-05-13 23:01:32
Tsetso;0.05;Belgium;1;2012-05-13 23:03:06
Tsetso;0.10;Belgium;1;2011-09-14 17:04:56
Tsetso;0.20;Belgium;1;2012-01-16 10:02:27
Tsetso;0.50;Belgium;1;2011-11-01 21:14:26
Tsetso;1.00;Belgium;1;2011-09-12 14:45:19
Tsetso;2.00;Belgium;1;2012-01-16 09:59:30
Tsetso;0.01;Belgium;2;2012-05-13 22:58:42
Tsetso;0.02;Belgium;2;2012-05-13 23:01:37
Tsetso;0.05;Belgium;2;2012-05-13 23:03:13
Tsetso;0.10;Belgium;2;2012-04-22 22:32:59
Tsetso;0.20;Belgium;2;2012-04-22 22:32:31
Tsetso;0.50;Belgium;2;2014-06-06 11:11:37
Tsetso;2.00;Belgium;2;2011-11-09 09:26:35
Tsetso;0.10;Cyprus;1;2013-06-03 00:19:21
Tsetso;0.20;Cyprus;1;2013-06-03 00:19:34
Tsetso;0.50;Cyprus;1;2012-11-12 21:46:00
Tsetso;2.00;Cyprus;1;2013-06-30 21:09:36
Tsetso;0.05;Finland;1;2012-05-13 23:03:40
Tsetso;0.20;Finland;1;2012-05-13 23:05:43
Tsetso;0.50;Finland;1;2011-08-18 10:29:51
Tsetso;1.00;Finland;1;2012-07-14 15:24:27
Tsetso;2.00;Finland;1;2014-05-09 22:55:06
Tsetso;0.20;Finland;2;2012-05-13 23:05:50
Tsetso;0.50;Finland;2;2012-04-22 22:35:31
Tsetso;2.00;Finland;2;2011-09-11 21:46:23
Tsetso;0.01;France;1;2012-05-13 22:58:58
Tsetso;0.02;France;1;2012-05-13 23:01:52
Tsetso;0.05;France;1;2011-09-15 15:41:00
Tsetso;0.10;France;1;2011-08-18 10:34:13
Tsetso;0.20;France;1;2011-09-11 22:26:16
Tsetso;0.50;France;1;2011-09-11 22:25:13
Tsetso;1.00;France;1;2011-09-13 13:25:21
Tsetso;2.00;France;1;2011-09-11 21:48:59
Tsetso;0.01;Germany;1;2011-08-18 10:35:02
Tsetso;0.02;Germany;1;2011-08-18 10:34:43
Tsetso;0.05;Germany;1;2011-08-18 10:32:31
Tsetso;0.10;Germany;1;2011-09-11 22:27:31
Tsetso;0.20;Germany;1;2011-08-18 10:31:14
Tsetso;0.50;Germany;1;2011-09-12 14:44:56
Tsetso;1.00;Germany;1;2011-08-18 10:37:15
Tsetso;2.00;Germany;1;2011-09-11 21:52:49
Tsetso;0.02;Greece;1;2013-06-03 00:17:54
Tsetso;0.05;Greece;1;2012-10-28 19:22:18
Tsetso;0.10;Greece;1;2012-05-13 23:04:56
Tsetso;0.20;Greece;1;2011-11-04 14:44:55
Tsetso;0.50;Greece;1;2013-06-03 00:16:03
Tsetso;1.00;Greece;1;2012-04-27 20:23:39
Tsetso;2.00;Greece;1;2012-10-13 10:40:53
Tsetso;0.05;Ireland;1;2011-09-15 15:29:46
Tsetso;0.10;Ireland;1;2012-05-13 23:04:35
Tsetso;0.20;Ireland;1;2012-03-19 21:53:32
Tsetso;0.50;Ireland;1;2012-05-18 17:11:08
Tsetso;1.00;Ireland;1;2012-04-21 19:33:08
Tsetso;2.00;Ireland;1;2012-04-24 00:15:13
Tsetso;0.01;Italy;1;2012-05-13 23:01:10
Tsetso;0.02;Italy;1;2013-06-03 00:17:24
Tsetso;0.05;Italy;1;2011-08-18 10:32:51
Tsetso;0.10;Italy;1;2011-09-14 17:04:34
Tsetso;0.20;Italy;1;2011-08-18 10:31:43
Tsetso;0.50;Italy;1;2011-08-18 10:29:23
Tsetso;1.00;Italy;1;2011-08-18 10:30:40
Tsetso;2.00;Italy;1;2011-09-11 21:48:18
Tsetso;0.02;Luxembourg;1;2013-11-16 15:06:35
Tsetso;0.05;Luxembourg;1;2012-01-16 10:00:52
Tsetso;0.10;Luxembourg;1;2012-05-13 23:04:45
Tsetso;0.20;Luxembourg;1;2012-04-19 23:14:48
Tsetso;0.50;Luxembourg;1;2015-04-27 18:12:26
Tsetso;1.00;Luxembourg;1;2012-04-07 10:41:41
Tsetso;2.00;Luxembourg;1;2012-08-01 14:58:24
Tsetso;0.10;Malta;1;2016-02-15 10:06:15
Tsetso;2.00;Malta;1;2014-03-10 10:54:17
Tsetso;0.01;Netherlands;1;2012-05-13 23:02:40
Tsetso;0.02;Netherlands;1;2012-05-13 23:02:13
Tsetso;0.05;Netherlands;1;2012-05-13 23:03:28
Tsetso;0.10;Netherlands;1;2011-11-01 21:12:10
Tsetso;0.20;Netherlands;1;2012-04-22 22:33:28
Tsetso;0.50;Netherlands;1;2012-04-22 22:36:02
Tsetso;1.00;Netherlands;1;2012-11-12 21:44:07
Tsetso;2.00;Netherlands;1;2011-08-18 10:27:45
Tsetso;0.01;Portugal;1;2012-05-13 23:01:04
Tsetso;0.05;Portugal;1;2012-03-18 20:26:43
Tsetso;0.10;Portugal;1;2012-05-13 23:05:06
Tsetso;0.20;Portugal;1;2012-05-13 23:06:05
Tsetso;0.50;Portugal;1;2012-07-26 09:38:35
Tsetso;1.00;Portugal;1;2012-07-01 20:35:20
Tsetso;2.00;Portugal;1;2012-04-22 11:52:30
Tsetso;0.10;Slovakia;1;2017-05-28 21:21:52
Tsetso;0.50;Slovakia;1;2013-06-03 00:20:09
Tsetso;1.00;Slovakia;1;2015-04-06 22:39:34
Tsetso;2.00;Slovakia;1;2012-06-14 14:32:38
Tsetso;0.01;Slovenia;1;2011-11-01 21:15:44
Tsetso;0.05;Slovenia;1;2011-09-15 15:39:42
Tsetso;0.50;Slovenia;1;2013-06-03 00:16:42
Tsetso;1.00;Slovenia;1;2016-02-15 10:05:47
Tsetso;0.01;Spain;1;2012-05-25 11:55:27
Tsetso;0.02;Spain;1;2012-05-13 23:02:01
Tsetso;0.05;Spain;1;2011-09-15 15:29:26
Tsetso;0.10;Spain;1;2012-04-22 22:36:48
Tsetso;0.20;Spain;1;2012-04-22 22:34:07
Tsetso;0.50;Spain;1;2011-11-01 21:14:44
Tsetso;1.00;Spain;1;2012-01-16 09:58:54
Tsetso;2.00;Spain;1;2011-11-04 14:43:06
Tsetso;0.01;Spain;2;2012-05-13 23:01:20
Tsetso;0.05;Spain;2;2013-06-03 00:18:48
Tsetso;0.50;Vatican City;3;2015-08-04 22:00:16
Tsetso;2.00c;Greece;2004;2014-04-07 09:07:19
Tsetso;2.00c;Italy;2004;2016-02-15 10:06:46
Tsetso;2.00c;Belgium;2006;2014-06-02 11:05:45
Tsetso;2.00c;Germany;2006;2012-06-25 14:50:22
Tsetso;2.00c;Italy;2006;2012-09-23 11:39:35
Tsetso;2.00c;Germany;2007;2011-11-03 14:25:25
Tsetso;2.00c;Austria;2007tor;2012-06-14 14:33:08
Tsetso;2.00c;Belgium;2007tor;2017-07-22 17:05:24
Tsetso;2.00c;Germany;2007tor;2012-08-01 15:11:23
Tsetso;2.00c;Italy;2007tor;2015-02-12 08:36:16
Tsetso;2.00c;Netherlands;2007tor;2016-03-10 13:01:06
Tsetso;2.00c;Spain;2007tor;2012-08-12 18:59:40
Tsetso;2.00c;France;2008;2015-04-02 21:46:40
Tsetso;2.00c;Germany;2008;2012-09-02 13:52:48
Tsetso;2.00c;Belgium;2009;2020-03-01 12:27:13
Tsetso;2.00c;Germany;2009;2011-09-15 15:33:47
Tsetso;2.00c;Austria;2009emu;2012-08-01 14:58:44
Tsetso;2.00c;Belgium;2009emu;2019-05-06 20:41:51
Tsetso;2.00c;France;2009emu;2015-04-16 11:01:58
Tsetso;2.00c;Germany;2009emu;2012-11-06 11:19:27
Tsetso;2.00c;Greece;2009emu;2012-03-06 13:10:20
Tsetso;2.00c;Luxembourg;2009emu;2016-01-15 13:05:35
Tsetso;2.00c;Netherlands;2009emu;2013-05-31 20:47:02
Tsetso;2.00c;Belgium;2010;2013-05-26 11:30:50
Tsetso;2.00c;Germany;2010;2012-04-27 20:23:07
Tsetso;2.00c;France;2011;2015-12-13 10:47:17
Tsetso;2.00c;Germany;2011;2011-09-11 21:50:05
Tsetso;2.00c;Slovenia;2011;2012-04-26 19:45:52
Tsetso;2.00c;Germany;2012;2012-10-20 23:50:10
Tsetso;2.00c;Austria;2012tye;2014-06-14 12:30:45
Tsetso;2.00c;Belgium;2012tye;2012-05-13 22:56:22
Tsetso;2.00c;Finland;2012tye;2014-04-23 11:00:42
Tsetso;2.00c;France;2012tye;2013-11-04 21:26:25
Tsetso;2.00c;Germany;2012tye;2012-07-19 16:01:27
Tsetso;2.00c;Netherlands;2012tye;2015-04-22 08:40:13
Tsetso;2.00c;Slovakia;2012tye;2018-04-23 00:20:13
Tsetso;2.00c;France;2013;2016-07-26 12:32:06
Tsetso;2.00c;Germany;2013;2013-06-03 00:21:47
Tsetso;2.00c;Germany;2013a;2013-05-26 11:31:17
Tsetso;1.00;Latvia;1;2016-02-15 10:05:19
Tsetso;2.00c;Netherlands;2013a;2015-05-16 11:20:10
Tsetso;2.00c;Germany;2014;2014-09-01 12:58:00
Tsetso;0.50;Netherlands;2;2014-09-01 12:56:18
Tsetso;2.00;Netherlands;2;2016-09-08 09:07:39
Tsetso;2.00c;Spain;2014a;2015-11-20 10:15:10
Tsetso;0.20;Lithuania;1;2020-05-29 19:29:34
Tsetso;2.00;Lithuania;1;2015-10-11 03:10:55
Tsetso;2.00c;Germany;2015;2015-04-06 22:28:33
Tsetso;2.00c;Germany;2015a;2015-04-02 21:45:51
Tsetso;2.00c;Germany;2015euf;2015-12-31 23:01:55
Tsetso;2.00c;Lithuania;2015euf;2018-11-24 15:54:04
Tsetso;2.00c;Germany;2016;2016-06-07 07:43:57
Tsetso;2.00c;Ireland;2016;2018-10-20 18:59:47
Tsetso;2.00c;Germany;2017;2017-03-13 21:46:34
Tsetso;1.00;Spain;3;2018-05-07 12:35:15
Tsetso;2.00c;Germany;2018;2018-07-02 00:17:45
Tsetso;2.00c;Germany;2018a;2018-02-21 16:53:22
Tsetso;2.00c;France;2018a;2020-01-09 17:23:05
Tsetso;2.00c;Germany;2019a;2019-12-21 15:02:47